Source,Destination,Protocol,Packets,Bytes,Duration,Label
h2,h3,UDP,369,52029,5.898859058709027,Attack
h3,h2,ICMP,15,1080,2.889213125421199,Normal
h2,h3,ICMP,13,845,2.6599211959507665,Normal
h1,h2,UDP,271,36585,11.65305021898617,Attack
h1,h2,TCP,20,1520,1.574773295540283,Normal
h2,h3,TCP,71,4970,2.5741091477356175,Normal
h1,h3,TCP,38,4446,1.308374917966462,Normal
h3,h1,ICMP,263,32612,13.891736212650663,Attack
h3,h2,UDP,270,34830,7.7411839899370305,Attack
h1,h2,UDP,232,23664,6.717950793640034,Attack
h1,h2,TCP,41,4551,1.9213049475845383,Normal
h2,h1,TCP,421,58940,7.619096207841535,Attack
h1,h2,UDP,79,8690,3.6209194336473085,Normal
h1,h3,ICMP,30,1980,4.182838163138853,Normal
h2,h3,UDP,56,5992,4.37092384012264,Normal
h2,h1,UDP,152,17632,11.590015931152728,Attack
h2,h3,UDP,65,4550,4.063378823789558,Normal
h3,h1,ICMP,46,3220,4.927806888289105,Normal
h3,h1,UDP,72,6552,3.6341980419701656,Normal
h2,h1,ICMP,53,5883,3.8065722092394445,Normal
h3,h2,UDP,153,20655,13.068195593953673,Attack
h3,h2,TCP,12,828,2.7016742464943984,Normal
h2,h1,UDP,37,2738,4.839021750301833,Normal
h3,h2,UDP,436,55372,5.145690307136302,Attack
h2,h3,TCP,79,8532,1.8749722878642419,Normal
h2,h1,UDP,234,28080,5.553542222679921,Attack
h2,h1,UDP,10,710,3.5917486778251027,Normal
h1,h3,TCP,20,2360,3.9521770763143578,Normal
h3,h2,TCP,41,3936,4.917177224033216,Normal
h3,h1,TCP,465,57660,14.43659385570276,Attack
h3,h2,ICMP,433,58455,5.6679391708625,Attack
h3,h2,ICMP,78,6786,1.1498447002346606,Normal
h1,h2,ICMP,53,6307,0.9814138338852116,Normal
h1,h3,UDP,65,4875,1.1282689224563045,Normal
h1,h2,UDP,491,68249,5.398970046367893,Attack
h1,h3,ICMP,29,2755,0.8035778245920961,Normal
h1,h2,ICMP,221,26520,13.886567566822354,Attack
h2,h1,TCP,450,51300,6.004731312612134,Attack
h3,h1,ICMP,34,2856,3.2244727816262695,Normal
h2,h1,UDP,300,37200,11.788101536078813,Attack
h1,h3,TCP,487,61849,7.343757806371148,Attack
h1,h3,UDP,156,22152,7.0709615948500995,Attack
h2,h3,UDP,386,39372,13.073101403910826,Attack
h3,h2,TCP,219,27813,6.133546079451495,Attack
h2,h3,TCP,457,58496,10.96772044912873,Attack
h3,h2,UDP,80,9360,2.4861339117282997,Normal
h3,h2,TCP,51,3213,2.608304588393664,Normal
h2,h1,ICMP,313,38186,5.58923187319074,Attack
h2,h1,UDP,47,2961,3.5566518467010595,Normal
h1,h2,UDP,409,55624,13.599805833992319,Attack
h2,h3,UDP,13,1404,3.8207295032254303,Normal
h2,h3,UDP,371,44891,11.502935147053963,Attack
h2,h1,ICMP,44,3828,3.571096212893102,Normal
h1,h2,ICMP,272,35632,7.822384616107659,Attack
h3,h1,UDP,58,5046,0.9140313881890008,Normal
h2,h3,ICMP,63,5859,1.1425573758630003,Normal
h3,h2,ICMP,65,6240,4.667749300671432,Normal
h1,h3,UDP,48,4992,1.3266098600447578,Normal
h2,h1,UDP,310,39060,8.327835647801805,Attack
h2,h1,UDP,19,1786,4.282158615954982,Normal
h2,h1,TCP,76,5776,1.5207242017310434,Normal
h1,h3,TCP,79,4898,1.959411243217392,Normal
h1,h2,UDP,250,36250,10.626998859420866,Attack
h3,h2,TCP,49,5390,4.1883136192989205,Normal
h2,h3,ICMP,310,46500,10.018328679672846,Attack
h1,h2,UDP,51,4131,0.6135311607892806,Normal
h3,h2,ICMP,18,1530,4.385954037315043,Normal
h1,h3,TCP,70,4410,4.406636011199849,Normal
h2,h3,ICMP,308,33264,7.1564340442887,Attack
h1,h3,ICMP,166,23074,7.787216672085836,Attack
h2,h1,UDP,11,1111,3.9317373929190396,Normal
h2,h3,UDP,10,1140,4.867679434898257,Normal
h2,h3,UDP,435,44370,9.378368019709555,Attack
h2,h1,ICMP,22,2266,1.995912144741262,Normal
h3,h1,TCP,19,1520,0.535216126862182,Normal
h1,h2,TCP,18,2034,4.1602429749155565,Normal
h2,h1,UDP,57,4503,1.1406284526803794,Normal
h3,h2,TCP,258,26058,10.157751329647997,Attack
h3,h2,ICMP,60,4620,4.632159528123347,Normal
h2,h1,TCP,44,4620,1.6198626862531877,Normal
h1,h3,UDP,47,2914,3.10367535803229,Normal
h2,h1,UDP,59,4602,2.6271781685610973,Normal
h2,h1,UDP,436,54936,8.68279299377893,Attack
h3,h1,TCP,160,18400,14.971133332207593,Attack
h3,h2,ICMP,414,50922,7.89644233312314,Attack
h1,h3,UDP,73,8614,4.120053904973601,Normal
h2,h3,ICMP,76,6004,1.62908811577211,Normal
h3,h2,ICMP,297,42471,8.594840873276516,Attack
h2,h3,TCP,417,60465,10.240711326876951,Attack
h2,h1,ICMP,180,21600,6.831365552400365,Attack
h3,h2,TCP,23,2093,3.5955953757906727,Normal
h1,h2,TCP,470,53580,11.2121928826644,Attack
h1,h3,ICMP,18,1746,1.046359984546789,Normal
h1,h3,ICMP,354,50976,5.831402018795341,Attack
h2,h3,ICMP,165,21120,12.375883124408718,Attack
h2,h1,TCP,465,64170,10.426039598136432,Attack
h3,h2,UDP,390,44850,12.80808597475362,Attack
h3,h2,UDP,322,43470,13.068387957011979,Attack
h3,h1,ICMP,462,55902,9.32775250286736,Attack
h1,h2,ICMP,498,62748,9.70898875919798,Attack
h2,h3,UDP,42,4578,4.18092556454066,Normal
h2,h3,TCP,265,34185,10.857510455705034,Attack
h3,h1,ICMP,254,36830,8.299674839448912,Attack
h2,h1,ICMP,463,66672,11.35046292202864,Attack
h3,h1,TCP,50,5100,3.2255284546048255,Normal
h3,h1,TCP,51,4080,1.3949594529600968,Normal
h1,h3,UDP,80,7440,2.155188489755419,Normal
h3,h2,TCP,28,2044,4.744988933562633,Normal
h1,h3,TCP,456,62472,11.604217387840544,Attack
h2,h3,ICMP,72,8280,2.8015088427166654,Normal
h1,h2,TCP,21,2163,0.8761486036120589,Normal
h3,h2,ICMP,151,19026,9.037880374345663,Attack
h1,h3,UDP,274,34524,10.79308910373856,Attack
h3,h2,ICMP,52,4368,0.5070432004809075,Normal
h3,h2,TCP,348,42108,13.18967793237404,Attack
h3,h1,UDP,331,37072,6.04182782239027,Attack
h3,h1,ICMP,62,5518,2.3663252679160247,Normal
h1,h2,TCP,495,53955,9.958728934412063,Attack
h1,h2,ICMP,70,7980,3.9580091510685196,Normal
h1,h2,ICMP,51,4080,1.412274407618992,Normal
h3,h1,ICMP,466,67104,8.9387591977481,Attack
h1,h3,TCP,207,27117,13.110779259538987,Attack
h1,h3,TCP,13,1144,3.595414382290272,Normal
h3,h1,TCP,33,3762,4.423682610243695,Normal
h2,h3,ICMP,33,3300,2.9133817940131186,Normal
h1,h2,ICMP,499,59880,10.290492361201526,Attack
h3,h2,UDP,226,32996,11.649996736583546,Attack
h3,h1,ICMP,76,7220,4.487129072124169,Normal
h3,h2,ICMP,25,2625,3.5727738724111355,Normal
h2,h3,ICMP,296,32264,11.214085873304356,Attack
h3,h1,UDP,178,20292,7.002858760716837,Attack
h2,h3,TCP,425,58650,10.748838763138345,Attack
h3,h1,ICMP,213,31950,6.6866672759192305,Attack
h3,h1,ICMP,19,2185,2.217796933167601,Normal
h3,h2,TCP,303,37269,8.898798177074331,Attack
h3,h2,UDP,229,29083,11.819617034147358,Attack
h2,h3,TCP,24,1560,3.8299537216816617,Normal
h1,h2,TCP,389,40456,9.705647174218857,Attack
h2,h3,UDP,11,1298,1.5905409782478108,Normal
h1,h3,UDP,196,19600,6.8001471601948005,Attack
h1,h2,TCP,497,68089,5.268364760515466,Attack
h3,h2,TCP,73,7519,1.5550891565145581,Normal
h2,h1,ICMP,472,54752,5.399778647266253,Attack
h3,h1,ICMP,16,1472,4.439228915429917,Normal
h2,h3,TCP,69,7659,0.8008832410965154,Normal
h3,h1,UDP,385,39270,7.006736617362535,Attack
h3,h2,UDP,64,7488,3.328922057908772,Normal
h2,h1,TCP,42,3360,4.4104670806760495,Normal
h3,h1,UDP,78,8814,4.935744403051441,Normal
h3,h1,ICMP,14,966,1.5221521317883255,Normal
h2,h3,UDP,47,4982,3.236936903834671,Normal
h1,h2,TCP,441,57771,11.804724290968974,Attack
h3,h2,UDP,345,51405,9.142731205262917,Attack
h2,h1,TCP,55,5115,4.644913967577222,Normal
h3,h2,UDP,383,42896,10.664818526758395,Attack
h1,h3,TCP,77,5929,3.707556260441665,Normal
h3,h1,UDP,18,1728,1.3160074420760375,Normal
h1,h3,UDP,73,6132,1.7892997636066783,Normal
h2,h3,TCP,28,2044,3.2220652878679172,Normal
h3,h2,ICMP,477,63918,9.840612521234057,Attack
h1,h2,UDP,246,29766,7.8637679930569,Attack
h3,h1,TCP,71,7455,2.0503417997327533,Normal
h2,h1,TCP,461,59008,6.693509482024803,Attack
h1,h3,ICMP,464,51504,5.4024779727824015,Attack
h2,h1,TCP,26,2496,2.933395767338272,Normal
h1,h2,UDP,479,48379,7.638955186864372,Attack
h2,h1,TCP,73,8322,2.7082075627440934,Normal
h3,h1,UDP,219,31755,10.946527587200338,Attack
h3,h1,ICMP,500,59000,8.977250936175281,Attack
h1,h2,ICMP,63,6678,2.043415617657494,Normal
h3,h1,ICMP,447,65262,13.404915609142105,Attack
h1,h3,ICMP,19,1729,3.900693941948949,Normal
h3,h2,TCP,69,5382,3.573861480988294,Normal
h2,h1,ICMP,70,5180,4.084621877210157,Normal
h3,h1,UDP,386,53268,9.317215007419993,Attack
h1,h2,ICMP,230,31280,9.551427121684583,Attack
h3,h2,ICMP,22,1452,2.8607634366354358,Normal
h2,h3,UDP,186,26040,12.816154769960226,Attack
h2,h3,TCP,26,2626,2.0527020015410713,Normal
h3,h1,UDP,79,5925,1.750807062441821,Normal
h2,h1,UDP,168,19152,11.03459619016235,Attack
h3,h1,ICMP,280,37240,8.218163590047222,Attack
h2,h3,TCP,375,51000,12.320199248716298,Attack
h3,h1,TCP,409,50716,12.086197155698613,Attack
h3,h1,UDP,28,2436,3.189959638416987,Normal
h2,h3,UDP,206,27398,7.91682762182919,Attack
h1,h3,ICMP,16,1280,3.287945985844028,Normal
h3,h2,ICMP,361,42237,8.611162290373958,Attack
h3,h1,TCP,28,2100,1.4515399005311656,Normal
h3,h1,UDP,77,5775,0.5050636579563255,Normal
h2,h3,ICMP,220,25740,5.857312252242137,Attack
h1,h3,UDP,247,33098,14.36866496393851,Attack
h2,h3,ICMP,16,1216,0.8451800773486696,Normal
h2,h3,ICMP,228,29184,7.348994312209123,Attack
h1,h3,TCP,52,3848,3.1216321052168485,Normal
h1,h3,ICMP,427,52948,5.8583532322909795,Attack
h2,h3,UDP,66,4818,3.134080700573453,Normal
h1,h2,UDP,277,32132,7.261706771894781,Attack
h2,h1,ICMP,22,1342,4.167518355236429,Normal
h2,h1,UDP,43,4816,3.6433689239817224,Normal
h2,h3,ICMP,176,18480,9.601403197734584,Attack
h3,h2,ICMP,463,52782,9.054485063363487,Attack
h3,h2,UDP,173,17300,14.414033190746716,Attack
h2,h1,ICMP,36,3312,4.24312561522248,Normal
h3,h2,ICMP,34,3740,4.392816046478792,Normal
h3,h2,TCP,51,6120,4.064185545019453,Normal
h3,h1,UDP,227,24062,7.976706505889657,Attack
h3,h2,UDP,484,50820,13.325602112627912,Attack
h2,h3,TCP,69,8073,2.9041843885553775,Normal
h1,h2,TCP,25,2425,2.4213954087950733,Normal
h2,h1,TCP,395,45030,12.304134944339758,Attack
h1,h3,TCP,309,33372,11.467576536888393,Attack
h1,h3,TCP,45,4005,4.755915501222762,Normal
h1,h2,ICMP,39,4563,4.098226661386479,Normal
h2,h1,UDP,197,23049,11.487946414330347,Attack
h2,h1,ICMP,347,34700,9.451735163774664,Attack
h1,h3,UDP,341,46717,13.702703771779785,Attack
h1,h3,UDP,362,51766,8.359065786844067,Attack
h3,h2,ICMP,428,60348,12.900188427241106,Attack
h3,h2,TCP,12,780,3.657031722886692,Normal
h2,h3,ICMP,51,4386,2.047286451529775,Normal
h3,h2,ICMP,161,17066,11.080387004230296,Attack
h3,h2,TCP,476,56644,14.165142633945539,Attack
h2,h1,UDP,411,52197,11.736723881280527,Attack
h3,h1,ICMP,358,45824,13.901226026479772,Attack
h1,h2,UDP,53,3498,2.3101543640900433,Normal
h2,h1,ICMP,48,4128,1.5991532299418076,Normal
h3,h1,TCP,334,49098,13.825827659650919,Attack
h1,h2,TCP,66,7458,2.2235448440748495,Normal
h3,h1,UDP,10,1080,4.129518825890324,Normal
h1,h2,TCP,295,33925,7.563679892305767,Attack
h3,h1,ICMP,37,2479,2.9011151494642586,Normal
h1,h3,UDP,61,7137,0.8958481523853561,Normal
h2,h1,TCP,73,8103,4.9997856212012906,Normal
h3,h1,UDP,436,45780,7.474984669246069,Attack
h2,h3,TCP,16,976,4.229807043130408,Normal
h3,h1,ICMP,16,1424,1.8725484240691916,Normal
h2,h1,UDP,311,40741,13.196261481097576,Attack
h2,h3,ICMP,279,39060,8.951814752095721,Attack
h3,h2,UDP,210,27510,8.333607314590507,Attack
h1,h3,TCP,48,3312,3.9396720439562642,Normal
h1,h3,ICMP,185,19240,11.126627333036879,Attack
h3,h2,TCP,24,1488,1.3247855463736296,Normal
h2,h3,ICMP,44,4708,2.2047243995392733,Normal
h2,h3,UDP,421,55151,13.228465412769454,Attack
h1,h2,ICMP,273,39039,11.556507484035052,Attack
h3,h2,TCP,55,3740,0.6947804022578146,Normal
h2,h1,UDP,40,4560,3.9822477947935977,Normal
h3,h2,UDP,18,2016,3.8886780488934547,Normal
h1,h3,UDP,43,4988,3.35949289673806,Normal
h1,h2,TCP,248,26040,11.05152275824569,Attack
h1,h2,UDP,25,1750,0.5661866887173974,Normal
h1,h3,ICMP,205,21525,11.61554443649539,Attack
h3,h2,UDP,79,6873,3.7551340430085385,Normal
h1,h2,UDP,27,2430,4.5305698954797835,Normal
h3,h1,ICMP,225,32175,13.336743905048062,Attack
h3,h1,ICMP,375,55125,11.724291227339206,Attack
h1,h3,TCP,348,42456,7.141799157123717,Attack
h3,h2,TCP,409,46626,7.047311821172312,Attack
h3,h1,ICMP,17,1190,3.2649304411679037,Normal
h1,h2,TCP,348,35844,11.929292846155041,Attack
h1,h3,ICMP,350,43400,9.335073215094987,Attack
h3,h2,UDP,52,5408,3.002161145232674,Normal
h2,h3,ICMP,10,1200,3.0006341094379265,Normal
h2,h3,TCP,257,33924,12.193199530334127,Attack
h3,h1,UDP,26,1716,1.1044418591194278,Normal
h1,h2,ICMP,441,64386,12.050773694768454,Attack
h1,h2,ICMP,51,4437,1.6715895581994313,Normal
h3,h2,TCP,447,60345,11.48926227492951,Attack
h1,h2,ICMP,161,16744,8.265266189843,Attack
h1,h3,UDP,77,5775,4.006701263183544,Normal
h3,h1,TCP,447,46488,10.678353609096575,Attack
h2,h3,TCP,303,45147,10.946351603005265,Attack
h3,h1,ICMP,35,2870,2.1675608420342525,Normal
h2,h3,ICMP,212,23956,6.519065353145179,Attack
h3,h2,ICMP,41,4838,4.703237232367288,Normal
h3,h1,ICMP,237,33180,12.586916938701748,Attack
h3,h1,TCP,433,64084,5.0267404329658465,Attack
h3,h2,TCP,232,26448,10.445776075296877,Attack
h2,h3,ICMP,366,44652,14.426070582286233,Attack
h1,h2,UDP,61,5734,2.91872033798166,Normal
h2,h1,TCP,11,1133,3.885088174342066,Normal
h3,h2,TCP,372,38316,7.027977554921709,Attack
h2,h3,TCP,276,35328,14.11690737677528,Attack
h1,h2,ICMP,288,36864,10.951200023489196,Attack
h1,h2,TCP,266,37506,6.104215079613372,Attack
h1,h2,TCP,325,47125,11.72718014184997,Attack
h3,h2,TCP,336,36288,14.937747923804075,Attack
h2,h3,UDP,468,51480,6.747843879199925,Attack
h1,h2,ICMP,40,3560,4.022369255729517,Normal
h2,h3,TCP,158,17064,12.614712558105364,Attack
h3,h1,ICMP,345,46920,6.802356992329603,Attack
h2,h3,ICMP,75,7575,3.6641427042652537,Normal
h1,h2,TCP,70,5110,4.156848846776694,Normal
h1,h2,ICMP,223,22523,11.312504914805878,Attack
h2,h1,UDP,53,4399,0.7657761249176396,Normal
h3,h1,UDP,25,1525,4.012890271590089,Normal
h2,h3,UDP,287,37597,10.446318970675595,Attack
h3,h1,TCP,389,54460,8.305662712461729,Attack
h1,h2,ICMP,63,5922,2.896203507145286,Normal
h3,h2,UDP,499,70858,8.52000111487862,Attack
h1,h2,ICMP,322,47334,12.304057134809891,Attack
h3,h1,UDP,74,6808,3.5349930339659705,Normal
h1,h3,TCP,29,3306,4.518233870738875,Normal
h2,h1,UDP,479,68018,11.402421950593926,Attack
h3,h1,ICMP,22,2024,2.1788897351412917,Normal
h3,h2,UDP,21,2499,1.8738178157633674,Normal
h3,h1,UDP,58,6206,3.8430665745382755,Normal
h1,h3,ICMP,478,48278,5.937822110024077,Attack
h1,h3,UDP,417,47121,7.02949492811272,Attack
h2,h3,TCP,21,1575,0.7655951829509482,Normal
h3,h2,UDP,433,50661,14.9857237174169,Attack
h1,h3,UDP,238,31892,10.018079417145112,Attack
h1,h2,TCP,417,42534,12.233391876259454,Attack
h2,h1,TCP,13,1391,2.9997509156666533,Normal
h3,h1,UDP,48,4800,4.253158796860021,Normal
h1,h2,UDP,194,25996,7.97796335094629,Attack
h1,h3,ICMP,69,4692,3.7250880500708354,Normal
h2,h3,TCP,33,2706,0.7725058358739803,Normal
h3,h2,TCP,37,2257,2.3085583098720273,Normal
h2,h1,TCP,292,40296,8.929757144734475,Attack
h3,h1,TCP,77,6468,2.146940460568517,Normal
h1,h2,UDP,60,3840,2.389744792759969,Normal
h2,h3,ICMP,483,62790,14.356635851041334,Attack
h1,h3,TCP,460,57040,6.607657072591114,Attack
h3,h1,TCP,12,1320,2.4666033813640262,Normal
h1,h2,ICMP,168,20496,12.247931962945092,Attack
h3,h2,ICMP,56,5768,1.9524741803131835,Normal
h1,h2,UDP,66,5346,0.6514205750585591,Normal
h2,h3,TCP,48,5424,1.5635352235497073,Normal
h3,h2,TCP,70,7490,1.2203174695374561,Normal
h2,h1,UDP,73,4380,4.286442181833294,Normal
h3,h1,UDP,43,4558,2.317708990027189,Normal
h2,h3,TCP,336,38976,5.187679816778823,Attack
h3,h1,UDP,12,948,4.669889112480152,Normal
h1,h2,TCP,398,40198,12.951363526891658,Attack
h3,h1,UDP,57,5472,0.9042517903648384,Normal
h3,h2,ICMP,28,2996,3.545005138429634,Normal
h1,h2,UDP,28,2632,3.5139665475476685,Normal
h3,h2,TCP,330,49500,11.987827061989314,Attack
h3,h2,ICMP,68,7072,0.7940294519863473,Normal
h2,h3,ICMP,25,1525,4.847195543240186,Normal
h1,h3,UDP,494,66196,14.890773659115744,Attack
h3,h2,TCP,435,49590,9.963372207325369,Attack
h1,h2,TCP,40,3960,4.220223990406312,Normal
h1,h2,TCP,65,6695,4.1880795001621625,Normal
h2,h1,TCP,42,3444,1.3965737095841062,Normal
h1,h3,TCP,267,32307,5.30900931115589,Attack
h1,h2,UDP,222,25752,8.177138962973268,Attack
h1,h2,UDP,63,5166,3.0122263040875135,Normal
h3,h1,TCP,200,20000,8.510966807164525,Attack
h3,h1,ICMP,425,55675,11.795237520601004,Attack
h1,h3,UDP,66,6204,2.9759531949814373,Normal
h1,h2,UDP,269,34970,5.403542021124828,Attack
h3,h1,ICMP,277,29362,7.975885043242538,Attack
h3,h1,ICMP,38,3914,4.473761466565014,Normal
h2,h3,UDP,62,6324,3.450390299066552,Normal
h3,h2,TCP,334,47428,10.033017726281546,Attack
h1,h3,TCP,317,39625,8.748805902787332,Attack
h1,h3,ICMP,46,3128,3.7458263721591987,Normal
h3,h1,TCP,214,23112,10.507482294723975,Attack
h2,h3,UDP,51,5865,4.8084240905253886,Normal
h1,h2,UDP,20,1460,0.7072845461387095,Normal
h1,h2,TCP,32,2400,3.484560405090228,Normal
h2,h1,TCP,23,2277,4.961029081209836,Normal
h2,h1,TCP,238,29512,14.954604529008446,Attack
h3,h2,UDP,11,847,1.9338117744940488,Normal
h3,h1,UDP,379,45480,8.601142042466194,Attack
h2,h1,TCP,26,3094,1.7637486416413557,Normal
h2,h1,TCP,40,4000,4.800099182274871,Normal
h2,h1,UDP,57,3990,1.7685867875376848,Normal
h1,h2,ICMP,37,2923,4.983882832782918,Normal
h1,h3,ICMP,419,58241,5.037940435658827,Attack
h1,h2,TCP,10,1040,4.493996991266494,Normal
h3,h1,UDP,33,2937,2.8694179415776833,Normal
h1,h2,TCP,70,6650,3.4835291617766764,Normal
h2,h3,UDP,60,5580,3.4026243935778004,Normal
h1,h3,ICMP,56,6160,1.7203832467275366,Normal
h3,h1,TCP,76,7676,3.214781678274979,Normal
h1,h2,ICMP,203,22127,9.273710150000616,Attack
h1,h2,ICMP,66,6468,4.846160643963221,Normal
h2,h3,ICMP,28,2660,3.608543106146778,Normal
h2,h1,TCP,270,32940,9.768309068109675,Attack
h3,h1,ICMP,55,4015,3.83035238584359,Normal
h2,h1,UDP,369,40590,8.97223877209483,Attack
h3,h1,ICMP,80,6480,0.9752866636371262,Normal
h3,h1,TCP,362,53938,11.194374587078642,Attack
h2,h1,TCP,383,54769,11.07787401287126,Attack
h2,h1,TCP,421,53046,5.602863644655562,Attack
h1,h3,TCP,61,5734,4.641920094130778,Normal
h3,h1,ICMP,496,57536,13.62104366879261,Attack
h2,h3,TCP,471,60288,7.662796933718391,Attack
h2,h3,UDP,154,20944,10.206363342862243,Attack
h3,h1,UDP,48,5712,2.112955912807281,Normal
h3,h2,UDP,41,2829,0.8586854929282509,Normal
h2,h3,TCP,55,4290,1.5477349069170605,Normal
h3,h2,UDP,249,26892,11.927604069357955,Attack
h3,h2,ICMP,80,9200,2.988517916136557,Normal
h2,h1,UDP,73,8468,4.630337491302731,Normal
h2,h3,TCP,56,3864,0.9580097408940202,Normal
h2,h1,UDP,19,2109,2.2841221682729165,Normal
h2,h1,TCP,54,4428,4.035105336612858,Normal
h2,h3,ICMP,446,50844,6.397640011363993,Attack
h3,h1,UDP,71,6035,2.042269457986815,Normal
h3,h1,ICMP,372,41292,10.584112732150103,Attack
h3,h1,ICMP,454,49032,9.76606634111095,Attack
h2,h1,UDP,49,4410,0.8307945658763168,Normal
h3,h2,ICMP,268,32964,13.61931486823485,Attack
h2,h1,TCP,10,920,3.7093459784599006,Normal
h1,h3,TCP,313,46637,9.08661403687174,Attack
h2,h3,TCP,49,3577,1.0608761476937145,Normal
h1,h3,TCP,298,42018,14.858370830453092,Attack
h3,h1,UDP,276,39468,13.777200101700458,Attack
h3,h2,ICMP,356,43788,9.815246102028379,Attack
h3,h2,TCP,399,42693,12.343158141455955,Attack
h1,h2,ICMP,385,48895,5.4232565530875645,Attack
h2,h1,UDP,51,3417,4.769783007819304,Normal
h1,h2,ICMP,60,5700,2.968162501918058,Normal
h1,h2,UDP,30,3300,1.3330598367925464,Normal
h1,h3,ICMP,472,69856,5.088572267144372,Attack
h1,h2,TCP,12,1296,2.670004712536977,Normal
h2,h3,TCP,263,38398,13.196479649801692,Attack
h3,h1,ICMP,410,45100,11.422355125574768,Attack
h3,h2,UDP,43,3182,4.857500322198409,Normal
h1,h2,UDP,454,58566,11.442024920906306,Attack
h2,h1,TCP,27,3240,2.4352528187122644,Normal
h1,h3,TCP,338,36166,7.274223439308971,Attack
h2,h3,UDP,310,38440,8.596714562832373,Attack
h2,h3,UDP,166,17430,8.355764379161645,Attack
h2,h3,ICMP,411,48909,10.460170927764365,Attack
h2,h1,TCP,487,64284,13.455661795437827,Attack
h3,h1,TCP,43,3483,4.700786300094542,Normal
h3,h1,ICMP,73,4380,1.0834255531932784,Normal
h1,h2,ICMP,482,70372,6.773346366672058,Attack
h2,h3,ICMP,14,1624,2.170118245392402,Normal
h2,h1,TCP,34,2448,3.4481734281192735,Normal
h1,h3,UDP,358,46898,10.2305371793488,Attack
h3,h1,ICMP,352,52800,7.496682991448252,Attack
h3,h1,UDP,335,47905,5.928963809409089,Attack
h1,h3,TCP,169,19773,5.144451121878038,Attack
h1,h3,UDP,476,49504,13.784952835540208,Attack
h2,h1,TCP,74,8066,1.5812378584650093,Normal
h3,h2,ICMP,221,27846,6.708399116863573,Attack
h2,h3,TCP,152,21280,10.691097579983172,Attack
h1,h2,UDP,31,2387,1.879472550072117,Normal
h2,h1,UDP,61,4819,3.2324827755411953,Normal
h2,h3,ICMP,24,2712,4.0296321078482205,Normal
h1,h2,TCP,49,5243,1.3944580904263044,Normal
h3,h2,ICMP,339,47460,9.230364477064938,Attack
h3,h2,UDP,198,21780,11.223881071087337,Attack
h1,h3,UDP,60,4320,1.9383235325008092,Normal
h3,h2,ICMP,433,53692,7.337375380956219,Attack
h3,h1,ICMP,71,5893,2.6167146660705236,Normal
h1,h3,UDP,75,8775,4.09640443084818,Normal
h2,h1,TCP,465,63240,11.642452592745371,Attack
h1,h3,ICMP,251,31877,13.278035286748699,Attack
h1,h3,UDP,381,52959,6.120964999134903,Attack
h2,h3,ICMP,38,2280,0.9189034266468668,Normal
h3,h1,ICMP,51,3774,2.389555578812219,Normal
h1,h2,TCP,451,52767,5.3217961253355215,Attack
h3,h2,TCP,24,1536,3.5135238579506765,Normal
h1,h3,ICMP,65,5005,4.886504490418518,Normal
h2,h3,ICMP,150,16650,5.542070276652169,Attack
h1,h2,TCP,221,26520,10.39976482699946,Attack
h1,h3,TCP,59,5723,4.889329573979874,Normal
h3,h2,TCP,280,34440,13.49737508776403,Attack
h2,h1,TCP,39,4446,1.6089530836910153,Normal
h2,h3,TCP,70,7140,4.114875519913605,Normal
h2,h3,UDP,282,29046,14.781195067603118,Attack
h1,h2,UDP,67,5092,0.8069086128622266,Normal
h2,h1,UDP,65,4875,4.055399620862628,Normal
h2,h1,UDP,348,46980,8.335128899115983,Attack
h2,h3,ICMP,474,61146,8.972213578736955,Attack
h1,h2,ICMP,457,54383,5.731316788030888,Attack
h2,h3,TCP,279,37665,11.522911320292494,Attack
h3,h1,UDP,60,5880,2.0641679485913174,Normal
h2,h1,UDP,357,36057,5.782010675613116,Attack
h3,h1,UDP,280,39200,9.207748418085508,Attack
h2,h3,ICMP,14,1680,4.635498554689348,Normal
h2,h1,TCP,66,5016,3.2403397110899204,Normal
h1,h2,TCP,19,1634,4.899040915062012,Normal
h3,h2,TCP,59,5428,0.7507979438904747,Normal
h3,h1,TCP,15,1125,4.737119913071505,Normal
h1,h2,TCP,15,1065,3.955296543346184,Normal
h1,h2,ICMP,226,28702,14.165917604144743,Attack
h2,h3,UDP,491,70213,12.05342456753469,Attack
h2,h1,UDP,420,57960,14.585038582016866,Attack
h1,h2,ICMP,70,6860,1.6593094319568724,Normal
h1,h3,UDP,188,25568,5.0073438889653685,Attack
h1,h3,UDP,416,42432,12.225861502044534,Attack
h2,h1,ICMP,27,3105,3.4827596089321604,Normal
h3,h1,TCP,415,60590,10.134392593639628,Attack
h1,h2,ICMP,465,68355,8.997228749155017,Attack
h2,h3,UDP,68,6800,1.641871742003672,Normal
h1,h3,UDP,420,61320,6.349825681514385,Attack
h3,h2,ICMP,25,2025,4.739750151546523,Normal
h1,h2,TCP,72,5400,2.0798079374654987,Normal
h2,h3,TCP,22,2068,4.823973457897241,Normal
h1,h2,UDP,305,44530,5.522220144779476,Attack
h2,h1,TCP,54,5616,4.395002766475519,Normal
h2,h3,ICMP,59,6608,1.5164533651214347,Normal
h3,h2,UDP,461,51632,11.580500896070125,Attack
h3,h1,ICMP,20,1340,2.1366091905434104,Normal
h2,h1,UDP,27,2133,4.039096003159562,Normal
h3,h1,TCP,409,41309,10.404101904380475,Attack
h3,h2,UDP,26,1742,4.612729792017657,Normal
h2,h1,UDP,11,913,3.1011291749957492,Normal
h3,h2,ICMP,49,4116,1.578567792083227,Normal
h1,h2,UDP,32,2144,0.8453296270554254,Normal
h1,h3,TCP,414,58374,6.418166074293772,Attack
h1,h3,ICMP,214,31672,14.598316619380341,Attack
h1,h2,ICMP,71,5325,3.6450515703482913,Normal
h1,h2,ICMP,59,4366,2.595116142783363,Normal
h3,h1,TCP,496,52576,13.168637078214715,Attack
h3,h2,TCP,151,19630,5.09309875542285,Attack
h1,h3,ICMP,78,8034,3.20380994674766,Normal
h2,h1,TCP,258,36378,5.120508959058893,Attack
h1,h3,UDP,26,2210,2.309875327339138,Normal
h1,h2,ICMP,308,33264,5.886578799741098,Attack
h3,h1,TCP,381,53340,14.434768934784788,Attack
h2,h3,TCP,73,4745,2.995810687103763,Normal
h1,h3,TCP,79,8295,3.1768177553353163,Normal
h2,h3,ICMP,392,39592,5.2065751721205356,Attack
h3,h2,ICMP,306,41616,12.998847320288672,Attack
h2,h1,ICMP,406,59276,13.471915174526552,Attack
h3,h1,UDP,336,35952,7.378182194101396,Attack
h3,h1,UDP,411,49320,14.282090715806584,Attack
h1,h2,TCP,17,1258,2.7804742169625984,Normal
h2,h3,TCP,197,23837,11.484188605265139,Attack
h1,h2,TCP,29,1740,1.2720190282301747,Normal
h3,h1,UDP,35,3815,2.160460356312623,Normal
h1,h2,ICMP,171,22059,11.67001951399814,Attack
h2,h1,UDP,78,5616,1.4501913589841735,Normal
h1,h2,UDP,418,60192,7.849234169675844,Attack
h1,h2,TCP,20,2280,1.5692648697056124,Normal
h3,h1,UDP,440,55880,6.835949324763355,Attack
h1,h3,UDP,29,1740,3.459416070570383,Normal
h1,h2,ICMP,68,4080,1.092175544562498,Normal
h3,h1,ICMP,42,4662,1.0852020130977653,Normal
h1,h3,ICMP,296,34632,9.077828148467031,Attack
h2,h3,UDP,29,2871,1.7532139444982127,Normal
h2,h1,TCP,23,1702,1.506660052239925,Normal
h3,h1,TCP,296,42624,8.111792595154066,Attack
h3,h2,TCP,245,30870,11.20164367253574,Attack
h1,h3,TCP,53,3551,4.390261567445982,Normal
h1,h3,UDP,27,2754,1.7740350141599823,Normal
h1,h3,UDP,419,54889,8.082187915079793,Attack
h3,h2,ICMP,272,32368,13.005503514790394,Attack
h1,h2,UDP,44,2772,1.269800419386229,Normal
h1,h2,TCP,373,55950,8.197821687051935,Attack
h2,h1,ICMP,70,7420,2.4443406327263943,Normal
h2,h3,TCP,61,6954,4.087896686349604,Normal
h1,h3,TCP,249,28635,11.943575585258237,Attack
h1,h2,TCP,323,33915,11.688826049284486,Attack
h2,h3,TCP,77,6622,1.0708123264742166,Normal
h3,h1,TCP,165,19140,9.973978535426358,Attack
h3,h2,TCP,53,5088,2.608148606968975,Normal
h1,h2,TCP,316,37604,8.499846402857058,Attack
h1,h2,TCP,419,51956,14.411966037760081,Attack
h1,h3,TCP,279,36270,12.661956646664512,Attack
h3,h2,UDP,368,38272,8.139469007139489,Attack
h2,h1,TCP,73,8614,2.41693943467929,Normal
h1,h2,UDP,72,4752,2.4002434003106803,Normal
h2,h3,TCP,30,3210,3.8079184024708415,Normal
h3,h1,UDP,295,43070,12.654124767022939,Attack
h3,h1,TCP,268,39664,6.125853553442015,Attack
h1,h2,UDP,37,3478,0.5551882033347628,Normal
h2,h3,UDP,36,3636,2.2296318873361,Normal
h1,h3,UDP,31,2201,0.848084204997916,Normal
h1,h3,TCP,233,26096,10.46139889115436,Attack
h2,h1,UDP,41,4387,3.5772470244482677,Normal
h3,h1,TCP,65,7280,0.5017517589923277,Normal
h2,h1,TCP,54,5454,2.3634837260178694,Normal
h1,h3,ICMP,73,6059,3.4578766491300006,Normal
h2,h3,ICMP,192,21504,6.143798420876795,Attack
h2,h3,ICMP,248,33728,14.098690930308488,Attack
h3,h1,ICMP,66,7128,1.9970393549190966,Normal
h1,h3,UDP,46,5520,1.265873079552175,Normal
h3,h1,TCP,262,28820,10.266438894162079,Attack
h2,h1,UDP,210,29400,12.764996847684094,Attack
h3,h1,ICMP,250,25500,13.354815048661004,Attack
h3,h1,ICMP,36,4176,1.8900237694634714,Normal
h1,h3,UDP,397,48037,12.45411442265507,Attack
h2,h3,TCP,48,3648,2.725185906584955,Normal
h3,h1,TCP,400,53200,13.657704839226938,Attack
h2,h1,TCP,78,7644,1.1876636348310552,Normal
h1,h3,TCP,18,1620,1.474194049555015,Normal
h1,h3,UDP,66,4686,2.5542646925204924,Normal
h3,h2,UDP,51,5559,4.9714787252490265,Normal
h1,h3,UDP,177,18939,12.227074758996647,Attack
h1,h2,UDP,10,990,1.4049486651622973,Normal
h2,h1,UDP,10,1050,2.0436321466466154,Normal
h2,h3,ICMP,65,4810,3.7765292333840628,Normal
h1,h2,ICMP,79,8690,2.9802098724494157,Normal
h2,h3,TCP,77,6545,3.6119084065448406,Normal
h3,h2,TCP,80,7760,3.0388055316730993,Normal
h3,h1,ICMP,58,5104,0.900736328428742,Normal
h1,h3,ICMP,29,2784,3.426031470662689,Normal
h3,h1,UDP,480,63360,5.612961773660549,Attack
h1,h3,ICMP,76,6232,2.3775183183722026,Normal
h3,h1,TCP,56,5880,3.5382196994755217,Normal
h3,h1,ICMP,60,6960,3.185949662370972,Normal
h3,h2,TCP,454,67192,11.42475436340277,Attack
h3,h1,ICMP,72,5328,4.8356572301444425,Normal
h1,h3,UDP,468,62244,11.294458189080991,Attack
h2,h3,TCP,296,43512,8.803712658913112,Attack
h1,h3,UDP,13,1495,1.5338823769459646,Normal
h1,h3,TCP,467,56040,7.375059805193336,Attack
h2,h3,TCP,392,54096,10.118732054488987,Attack
h2,h1,UDP,462,51282,11.322629506692902,Attack
h2,h3,ICMP,40,2720,2.493442650820372,Normal
h3,h1,ICMP,483,48300,7.41449805867279,Attack
h2,h1,TCP,23,2254,4.162612300798452,Normal
h3,h2,ICMP,475,47975,12.008269141732466,Attack
h3,h2,UDP,484,64856,7.434118303168603,Attack
h1,h3,UDP,438,45552,8.009872310180391,Attack
h1,h2,UDP,217,22351,13.650031717400097,Attack
h3,h1,UDP,426,48138,8.180056812930754,Attack
h3,h1,TCP,465,55800,6.450754574079563,Attack
h2,h1,ICMP,360,36000,10.649316637351536,Attack
h3,h1,TCP,398,46566,6.857427123758794,Attack
h1,h2,UDP,403,56823,11.857186576516366,Attack
h3,h1,UDP,19,1520,2.611072450860876,Normal
h2,h3,TCP,59,4012,4.266855775600149,Normal
h1,h2,UDP,204,30600,13.724155058788794,Attack
h3,h2,ICMP,224,22400,8.526215028339537,Attack
h3,h2,UDP,71,7739,4.171717756065591,Normal
h1,h3,UDP,216,22464,5.659233481296759,Attack
h2,h1,UDP,74,7992,3.871385553361417,Normal
h3,h2,ICMP,45,2925,1.06918082837164,Normal
h3,h2,ICMP,265,26500,9.257073268437644,Attack
h1,h2,ICMP,27,2835,4.59561641361206,Normal
h1,h3,ICMP,12,984,4.563861524194925,Normal
h2,h1,ICMP,411,55485,11.255222199911909,Attack
h2,h3,ICMP,43,3139,0.9612523546916243,Normal
h3,h2,ICMP,488,52704,11.350233903011123,Attack
h3,h1,ICMP,244,30500,10.801920804594168,Attack
h2,h1,UDP,62,5952,4.571101196038462,Normal
h2,h1,TCP,45,5220,1.547730179445887,Normal
h2,h3,ICMP,363,36663,14.450537590895772,Attack
h2,h3,ICMP,37,3774,1.1886828135455263,Normal
h2,h3,ICMP,256,35072,7.481640770832014,Attack
h1,h3,UDP,76,5396,4.235574719583038,Normal
h2,h3,UDP,367,48444,11.451484879729582,Attack
h1,h2,UDP,19,1596,2.5815433001378456,Normal
h3,h2,TCP,42,2520,1.7599066982396774,Normal
h2,h1,TCP,385,53515,10.26371798062318,Attack
h3,h1,ICMP,394,53190,12.69064626356801,Attack
h3,h1,UDP,11,693,1.464517753345509,Normal
h2,h1,TCP,452,45652,12.924662787133052,Attack
h1,h2,UDP,441,64827,8.866450224055605,Attack
h1,h3,ICMP,58,6264,3.0371623610036864,Normal
h1,h2,TCP,375,47625,10.511541292215506,Attack
h1,h3,UDP,188,26132,11.767390169365488,Attack
h2,h3,TCP,450,59850,5.733809218053038,Attack
h3,h2,ICMP,65,6630,2.0930890735018983,Normal
h1,h3,TCP,41,4059,2.0802986189219705,Normal
h1,h3,UDP,28,2604,4.274863182398983,Normal
h3,h1,TCP,32,3168,3.135477747020011,Normal
h2,h3,ICMP,181,24978,10.008718155665804,Attack
h3,h1,UDP,45,2880,1.9555750759258541,Normal
h1,h2,TCP,425,52700,6.135609082791831,Attack
h2,h1,TCP,459,64719,8.26722382766089,Attack
h2,h1,ICMP,10,640,2.817260599522284,Normal
h3,h1,UDP,197,20882,11.71841438906998,Attack
h2,h1,UDP,11,704,0.8974215871771873,Normal
h2,h3,UDP,258,26832,14.162153826751947,Attack
h1,h3,ICMP,317,38674,11.653865780019215,Attack
h2,h1,UDP,39,2340,4.071553714582615,Normal
h3,h1,ICMP,27,1863,4.914829041174904,Normal
h3,h2,UDP,45,5355,2.7243225869690515,Normal
h2,h1,ICMP,373,38046,8.265187130445964,Attack
h3,h2,UDP,298,36356,5.030684960036532,Attack
h2,h3,TCP,417,44619,11.212028253612752,Attack
h3,h1,UDP,345,39330,8.41742247968579,Attack
h1,h2,UDP,76,6688,2.720008882799016,Normal
h2,h1,TCP,447,45147,13.276288821815792,Attack
h1,h2,ICMP,444,56832,10.215427383034827,Attack
h3,h1,TCP,179,26850,5.751347194792642,Attack
h2,h1,UDP,27,3159,0.9570354200851212,Normal
h3,h1,UDP,19,1748,3.3175431127619466,Normal
h3,h1,TCP,454,49486,5.900293986268509,Attack
h2,h3,TCP,30,3150,1.816665241465751,Normal
h1,h2,UDP,11,792,4.001096969075949,Normal
h1,h2,TCP,234,32058,11.605665047699754,Attack
h1,h2,TCP,211,21733,6.162895569000212,Attack
h2,h1,UDP,383,44045,13.077415241496123,Attack
h3,h1,UDP,160,19040,11.80322980551255,Attack
h1,h3,TCP,38,2964,0.933896351397153,Normal
h3,h1,UDP,334,40748,14.098902988306985,Attack
h3,h1,UDP,40,4400,1.8668438606405708,Normal
h1,h3,UDP,415,53120,8.477253213652872,Attack
h2,h1,UDP,405,51030,7.109918373259965,Attack
h2,h3,UDP,25,2550,4.422141996272627,Normal
h3,h2,UDP,70,5320,3.508186262400798,Normal
h1,h3,UDP,56,4312,4.371349861370517,Normal
h3,h2,UDP,43,3053,1.7529635221039055,Normal
h3,h1,TCP,19,2166,1.2080992342271983,Normal
h3,h1,TCP,40,3920,1.2904739386571982,Normal
h3,h1,ICMP,11,770,4.952247760860171,Normal
h2,h1,TCP,216,26568,7.677042765669736,Attack
h3,h2,TCP,22,2574,4.53384219041052,Normal
h3,h2,TCP,74,7104,0.6097400773688464,Normal
h3,h2,TCP,281,39340,8.303723658009108,Attack
h2,h3,TCP,20,1460,4.557632945360607,Normal
h1,h2,UDP,63,5544,0.5520062614691321,Normal
h1,h2,ICMP,22,1870,4.006183585459809,Normal
h2,h3,ICMP,38,3572,4.730750604346027,Normal
h1,h2,UDP,321,38520,13.903690789378714,Attack
h3,h1,UDP,64,4480,0.5132310631292504,Normal
h2,h1,UDP,186,18600,10.426649533118832,Attack
h2,h1,TCP,368,38640,11.521640572822054,Attack
h3,h2,TCP,251,35140,7.232499586633762,Attack
h3,h2,TCP,210,22680,7.796591466927888,Attack
h3,h1,ICMP,60,4020,4.795373737657962,Normal
h2,h3,TCP,261,33669,11.168291042696568,Attack
h3,h1,ICMP,78,7722,1.2067489922539822,Normal
h3,h2,ICMP,463,68061,6.318968192478983,Attack
h2,h1,ICMP,312,38064,9.718684993696922,Attack
h3,h2,UDP,184,26496,6.4506705215831515,Attack
h1,h2,ICMP,80,6480,0.8775161543064272,Normal
h1,h2,TCP,340,38080,9.36882546030768,Attack
h3,h1,ICMP,37,4033,3.9702779821087097,Normal
h3,h2,UDP,63,4095,2.4527441046035854,Normal
h1,h2,UDP,51,3162,1.38404289869512,Normal
h1,h3,TCP,305,30500,13.884390359211546,Attack
h2,h1,ICMP,34,3400,4.696411923553953,Normal
h1,h2,ICMP,21,2436,3.096327116033481,Normal
h1,h2,TCP,376,45120,9.088306899301434,Attack
h3,h2,UDP,357,47124,14.098954699917025,Attack
h2,h3,TCP,39,3744,4.0832198386157135,Normal
h2,h1,ICMP,69,5589,4.623681641855545,Normal
h1,h2,TCP,194,20370,8.415092463983271,Attack
h1,h3,ICMP,371,41181,13.048450795326673,Attack
h2,h3,UDP,26,2626,0.5926737203794061,Normal
h1,h2,TCP,63,5418,1.9192069424575118,Normal
h3,h1,ICMP,15,1590,0.670767098364171,Normal
h3,h1,ICMP,59,5900,3.8233101548877433,Normal
h3,h1,TCP,460,66700,5.540186783839407,Attack
h2,h3,UDP,18,1638,4.126856792487145,Normal
h2,h3,ICMP,333,43623,7.451466161632619,Attack
h2,h3,ICMP,12,1320,4.741983164850941,Normal
h2,h1,TCP,373,46625,11.395560820958309,Attack
h2,h1,TCP,52,3276,2.08063945064689,Normal
h2,h1,ICMP,216,22248,14.046539069952349,Attack
h3,h1,UDP,38,3268,3.9548795871315106,Normal
h1,h2,UDP,71,5325,0.5285888637221706,Normal
h2,h1,TCP,53,5724,3.6358935904361696,Normal
h3,h1,ICMP,37,3330,1.1942166371394436,Normal
h3,h1,ICMP,358,40096,5.597270525564192,Attack
h3,h1,ICMP,213,27690,14.042517707783015,Attack
h3,h1,ICMP,250,29750,12.354515882593116,Attack
h1,h2,UDP,479,57001,7.434443421270459,Attack
h2,h3,TCP,315,41580,5.911056927485428,Attack
h1,h2,ICMP,29,2552,2.003023720646585,Normal
h2,h1,TCP,357,36414,12.10166912379728,Attack
h1,h2,UDP,391,39100,5.320193858848201,Attack
h2,h3,ICMP,319,39556,7.163629791895505,Attack
h3,h1,UDP,14,868,1.4427408653928313,Normal
h2,h1,TCP,40,2920,3.3481944749164585,Normal
h1,h3,UDP,171,22743,7.147927303705845,Attack
h2,h3,UDP,69,4278,3.990198398576801,Normal
h1,h3,TCP,458,61372,6.317476538689538,Attack
h3,h1,TCP,208,30992,5.205190154599072,Attack
h3,h2,TCP,64,5696,2.610012590604462,Normal
h1,h3,UDP,350,47250,9.999816057198437,Attack
h1,h3,TCP,284,28968,14.94927092890779,Attack
h1,h2,ICMP,258,31476,13.71831210193347,Attack
h2,h1,ICMP,33,3927,3.687121576273475,Normal
h3,h2,ICMP,214,21828,11.116217629922827,Attack
h2,h3,TCP,38,3268,2.5356071942845824,Normal
h3,h1,UDP,350,43400,5.301512153156938,Attack
h2,h3,ICMP,191,27122,9.037690988092404,Attack
h3,h2,UDP,299,44551,8.73183904415456,Attack
h3,h2,ICMP,232,31320,13.776852663098481,Attack
h3,h2,TCP,290,39730,11.954683331132575,Attack
h1,h3,ICMP,414,59616,10.408739109931723,Attack
h1,h3,TCP,76,8512,4.642794875546984,Normal
h1,h2,TCP,294,38220,6.751477782634736,Attack
h1,h2,UDP,76,6232,4.665103553019944,Normal
h3,h1,ICMP,328,40016,13.190675515952993,Attack
h2,h1,ICMP,76,5700,1.5816368708464978,Normal
h1,h3,ICMP,270,27540,12.120228204991845,Attack
h2,h3,UDP,34,4080,2.963825931379461,Normal
h2,h3,UDP,47,3290,2.0936117546965876,Normal
h2,h3,ICMP,191,27313,10.938701825236244,Attack
h2,h1,ICMP,25,1500,1.6664039754724578,Normal
h1,h3,UDP,56,4312,1.2733136379304,Normal
h3,h1,UDP,36,3708,3.439783473217492,Normal
h1,h3,ICMP,66,4422,1.2065009117130012,Normal
h1,h2,ICMP,403,49569,5.893995417360911,Attack
h1,h2,ICMP,14,1050,4.4226111312897185,Normal
h3,h1,UDP,308,32032,10.718020803003608,Attack
h3,h2,ICMP,64,4416,2.68928026982763,Normal
h3,h2,UDP,61,6222,1.605473275490798,Normal
h3,h2,UDP,189,24003,14.022704852449339,Attack
h2,h3,ICMP,63,5607,2.0067072492041684,Normal
h3,h1,UDP,451,46002,5.637313374889579,Attack
h1,h3,ICMP,53,4823,1.3956252560580857,Normal
h3,h2,UDP,53,4929,1.7842414150536647,Normal
h1,h3,TCP,350,50050,14.454941929067965,Attack
h2,h1,UDP,36,4068,2.916216479220625,Normal
h1,h3,TCP,486,51516,14.795164466587124,Attack
h2,h1,TCP,248,27280,11.930327755413245,Attack
h2,h1,ICMP,79,6241,3.1607225994781807,Normal
h2,h1,ICMP,65,6825,0.5231203225729004,Normal
h1,h3,UDP,362,45250,5.588377358290125,Attack
h2,h1,TCP,172,20468,13.269908563202158,Attack
h3,h1,UDP,203,26187,5.287975372566198,Attack
h2,h3,ICMP,44,4488,1.6000371222184073,Normal
h1,h3,ICMP,224,32480,14.396054345163709,Attack
h3,h1,UDP,62,6138,0.7074677731625119,Normal
h1,h2,ICMP,49,4410,2.8582998572264384,Normal
h2,h3,ICMP,337,46843,13.224240045613133,Attack
h2,h3,ICMP,217,27342,14.552693752763261,Attack
h3,h2,TCP,150,22350,10.691711250284882,Attack
h2,h3,TCP,464,64960,11.190860065199331,Attack
h3,h2,UDP,367,50279,10.380287207017119,Attack
h3,h2,TCP,300,35100,7.828952925452304,Attack
h3,h1,ICMP,19,1615,1.359558876298983,Normal
h3,h2,TCP,262,29606,6.612332362989037,Attack
h1,h3,UDP,325,48100,5.825097135192664,Attack
h2,h1,TCP,212,27136,8.208875331247516,Attack
h1,h2,TCP,26,2470,1.1309087122621442,Normal
h1,h3,UDP,71,6461,1.48547993021445,Normal
h3,h2,TCP,260,36660,5.938699114528106,Attack
h1,h2,ICMP,34,3298,4.253576861475429,Normal
h3,h1,TCP,49,5782,0.7465492711953514,Normal
h1,h2,ICMP,163,21353,11.223651472670806,Attack
h3,h1,TCP,364,44044,8.533194492700263,Attack
h3,h2,TCP,490,55370,5.338380054731777,Attack
h2,h1,ICMP,33,2838,0.9783471071859964,Normal
h3,h1,TCP,174,18096,6.199668030022863,Attack
h1,h3,UDP,65,6175,2.639934876296505,Normal
h3,h1,TCP,26,1872,0.7654071036355689,Normal
h3,h1,TCP,74,7770,4.64695489560092,Normal
h3,h1,ICMP,234,26910,5.52244495310346,Attack
h3,h1,TCP,236,29736,8.449633304499708,Attack
h3,h2,ICMP,195,21840,14.137427003322045,Attack
h3,h1,TCP,57,3420,4.162265183938631,Normal
h1,h3,ICMP,348,37584,8.788467858435288,Attack
h2,h1,ICMP,43,3526,3.3201470031851303,Normal
h1,h2,UDP,323,33269,14.751717137122867,Attack
h2,h1,UDP,499,52395,6.932664140572648,Attack
h2,h1,ICMP,257,25957,6.524546195680668,Attack
h1,h3,TCP,191,25021,11.782973846711064,Attack
h2,h3,UDP,242,35816,5.413659377136502,Attack
h1,h3,TCP,487,52596,7.574108654353563,Attack
h3,h1,UDP,339,39663,11.034240263997766,Attack
h1,h3,TCP,280,39200,9.269925776487293,Attack
h1,h3,ICMP,36,2304,3.812582705766457,Normal
h1,h3,UDP,78,5382,2.286617029827344,Normal
h2,h3,UDP,482,66516,5.298550613013376,Attack
h1,h3,ICMP,274,37264,8.747487370892635,Attack
h1,h2,TCP,17,1207,0.9457876513837883,Normal
h2,h1,TCP,393,43230,12.502574285282014,Attack
h2,h1,TCP,474,58302,14.154896016412406,Attack
h2,h3,UDP,46,3496,0.9028082361212999,Normal
h2,h3,ICMP,182,20566,7.213130394722752,Attack
h2,h3,TCP,225,26100,14.151357942647467,Attack
h2,h1,ICMP,74,4514,1.3843763126304263,Normal
h2,h1,ICMP,337,41451,8.35913596596636,Attack
h2,h3,TCP,243,35721,13.04551106596034,Attack
h1,h3,TCP,27,3240,3.291973573031855,Normal
h2,h1,UDP,251,27610,8.652272045264198,Attack
h2,h1,ICMP,26,2678,0.9689226182460768,Normal
h2,h1,ICMP,284,37488,7.364101176440274,Attack
h2,h3,ICMP,168,18984,5.872539072939772,Attack
h2,h3,ICMP,321,47829,10.21108227611826,Attack
h3,h2,ICMP,415,49800,5.253535098410604,Attack
h2,h3,TCP,154,18018,7.590747636459511,Attack
h1,h2,TCP,273,37401,7.632006571954423,Attack
h2,h1,TCP,69,4761,2.9005745195118267,Normal
h1,h3,TCP,53,3763,3.347425473942704,Normal
h1,h2,TCP,60,4800,4.352204695648126,Normal
h1,h2,UDP,178,20114,6.152926578960287,Attack
h2,h3,UDP,43,3913,1.0316863320894956,Normal
h2,h3,TCP,454,61290,11.561796139437433,Attack
h2,h3,TCP,64,5376,0.5862948728067019,Normal
h3,h2,UDP,481,56758,12.0910671490356,Attack
h3,h2,TCP,265,37630,8.942535974546635,Attack
h3,h1,TCP,22,1914,2.2819765837051174,Normal
h2,h1,UDP,40,3640,2.1400507711391956,Normal
h2,h1,ICMP,356,45924,11.04828176379082,Attack
h1,h2,TCP,435,60030,8.897513221167156,Attack
h2,h3,ICMP,69,4347,1.1691839505139843,Normal
h2,h3,ICMP,38,3534,2.0497894478033136,Normal
h1,h2,UDP,29,2726,2.857400083659737,Normal
h3,h2,UDP,31,2511,1.2994650356977484,Normal
h3,h1,TCP,276,31740,9.838995898034641,Attack
h3,h2,ICMP,420,55860,12.456296393597547,Attack
h2,h3,UDP,64,4096,0.7971430896254477,Normal
h1,h2,ICMP,189,23814,12.695878352344527,Attack
h1,h3,UDP,79,7821,3.5801023757043926,Normal
h3,h2,UDP,467,63045,5.233056531723223,Attack
h1,h3,UDP,292,37960,14.63217002786234,Attack
h3,h1,UDP,441,54243,12.469600871103658,Attack
h1,h3,ICMP,395,55695,10.206026481098911,Attack
h2,h3,ICMP,76,5092,2.3048319508206703,Normal
h1,h2,TCP,35,3535,2.0763897324961835,Normal
h3,h2,TCP,64,4672,1.29178612767572,Normal
h1,h3,TCP,245,34055,8.776129872327557,Attack
h2,h3,TCP,19,1862,3.662966142806277,Normal
h2,h1,TCP,45,4320,1.3247257250927031,Normal
h1,h2,ICMP,157,22451,9.653704669064208,Attack
h3,h1,ICMP,176,21648,8.333977773633361,Attack
h2,h3,UDP,50,4150,1.0131278614332646,Normal
h3,h1,ICMP,434,58590,13.280865374663852,Attack
h2,h3,UDP,46,4324,4.897756945993698,Normal
h2,h1,TCP,337,44147,8.794151188387753,Attack
h3,h1,ICMP,273,36855,13.095614482106296,Attack
h1,h2,UDP,325,41600,13.951876795829406,Attack
h1,h2,UDP,55,3410,1.584222354096395,Normal
h2,h1,TCP,378,46116,13.94239714046108,Attack
h1,h2,TCP,17,1360,3.1983795630229688,Normal
h3,h1,UDP,252,33012,5.999029372240148,Attack
h1,h3,TCP,364,46956,6.0022219150330205,Attack
h2,h1,TCP,186,21204,6.338694569674836,Attack
h1,h3,ICMP,26,2418,1.1358063621845438,Normal
h1,h3,ICMP,40,2600,0.5839843236577169,Normal
h1,h2,TCP,56,5320,2.4203567940676898,Normal
h3,h1,ICMP,205,27060,14.885427112290909,Attack
h1,h3,TCP,73,6862,1.1485918746917203,Normal
h3,h2,UDP,77,8778,1.8076036636628523,Normal
h2,h3,UDP,25,1500,3.5469071759835638,Normal
h2,h1,TCP,370,51800,7.64657369694817,Attack
h1,h3,TCP,55,4455,3.576754623205786,Normal
h2,h1,ICMP,247,30628,12.303276437637344,Attack
h3,h1,TCP,13,975,0.6729309924329886,Normal
h1,h2,TCP,50,3600,1.1287687253202963,Normal
h2,h3,TCP,447,46935,7.791429589828219,Attack
h1,h2,ICMP,153,22185,9.034090332152594,Attack
h1,h3,UDP,55,4345,3.3523389947818925,Normal
h3,h2,ICMP,63,5103,1.845711019681115,Normal
h3,h1,ICMP,467,49502,11.753702248910958,Attack
h2,h1,UDP,234,33930,14.506616792936228,Attack
h3,h2,UDP,53,6148,3.725879195125116,Normal
h2,h1,UDP,285,40185,9.767330970695744,Attack
h1,h3,UDP,70,6370,0.5493363560083331,Normal
h2,h1,TCP,462,60060,13.788329783883826,Attack
h1,h3,ICMP,49,5782,3.937207672269756,Normal
h2,h1,ICMP,28,3220,2.035628281478937,Normal
h1,h3,UDP,29,2581,1.7447300733095155,Normal
h1,h2,TCP,26,2288,2.2726746900534938,Normal
h2,h1,UDP,61,5734,3.569941998850366,Normal
h2,h1,UDP,430,55040,5.465586878510978,Attack
h2,h1,ICMP,56,3752,1.5031475158991912,Normal
h3,h1,UDP,315,45990,13.899123214677015,Attack
h3,h1,TCP,386,39758,6.540995066913785,Attack
h3,h1,TCP,235,23500,12.456912918277755,Attack
h1,h2,UDP,218,26160,13.40661070367873,Attack
h2,h3,UDP,253,32131,5.092014463108577,Attack
h1,h2,ICMP,45,5265,0.9480052943767933,Normal
h3,h1,ICMP,234,25506,5.884552559613775,Attack
h2,h3,ICMP,41,2829,4.123645714007112,Normal
h3,h2,UDP,316,39500,9.846380162741681,Attack
h3,h2,TCP,378,38178,7.322557842839452,Attack
h2,h1,UDP,65,5070,4.959005630201667,Normal
h3,h1,ICMP,71,8449,1.2552343132491406,Normal
h1,h2,TCP,48,5184,2.0205996811279476,Normal
h3,h1,TCP,50,3500,2.77464997270868,Normal
h1,h2,UDP,54,6048,2.1083296915308156,Normal
h2,h1,TCP,15,1605,3.535142037700262,Normal
h3,h2,ICMP,259,35742,12.545230070724543,Attack
h3,h1,UDP,497,70574,14.826825839641332,Attack
h2,h3,UDP,13,936,4.63197578178928,Normal
h1,h2,UDP,75,5100,3.807956484078856,Normal
h2,h1,TCP,56,6720,0.6748807328211148,Normal
h1,h3,TCP,383,39066,5.039440480312011,Attack
h1,h2,UDP,40,3960,3.836012196101833,Normal
h1,h3,TCP,73,7884,3.0416394798849007,Normal
h3,h1,ICMP,203,28623,12.89985637088832,Attack
h2,h1,UDP,151,22197,6.050900015397001,Attack
h2,h3,TCP,476,70924,5.422536530848683,Attack
h2,h3,TCP,304,41344,7.514658915898092,Attack
h3,h1,UDP,278,31414,12.894233708022195,Attack
h1,h2,ICMP,11,1199,4.369091489673618,Normal
h1,h3,ICMP,65,4160,4.197921187979777,Normal
h3,h1,ICMP,22,1452,1.1726354593170665,Normal
h2,h1,TCP,253,30866,10.76486938902545,Attack
h3,h1,TCP,39,2886,4.3647305206562095,Normal
h1,h2,TCP,34,3876,2.033302243153979,Normal
h3,h1,ICMP,65,6760,2.9044442675553794,Normal
h3,h1,TCP,71,4899,1.9480118979453747,Normal
h1,h2,ICMP,34,3230,2.821983063071949,Normal
h3,h1,TCP,272,37808,9.145211838070448,Attack
h1,h3,ICMP,74,5254,2.488262739460896,Normal
h3,h1,ICMP,412,56032,7.639948259886945,Attack
h2,h3,UDP,312,35568,11.694677360310992,Attack
h3,h2,UDP,215,22360,14.911574678197924,Attack
h2,h3,ICMP,267,27501,5.3263651180310045,Attack
h2,h3,TCP,300,31800,9.776371691959492,Attack
h2,h3,ICMP,253,36179,14.331131285667913,Attack
h1,h3,UDP,175,20825,5.702866101350027,Attack
h2,h1,UDP,421,59782,6.035010047560947,Attack
h1,h2,ICMP,40,4280,2.651582119080918,Normal
h2,h1,ICMP,29,2958,2.0645957560346204,Normal
h2,h3,ICMP,60,4440,4.294248207622678,Normal
h1,h3,TCP,10,1150,0.6036187641180091,Normal
h1,h2,ICMP,263,31560,5.546090050272005,Attack
